-- phpMyAdmin SQL Dump
-- version 4.1.14
-- http://www.phpmyadmin.net
--
-- Client :  127.0.0.1
-- Généré le :  Lun 01 Juin 2015 à 18:08
-- Version du serveur :  5.6.17
-- Version de PHP :  5.5.12

SET SQL_MODE = "NO_AUTO_VALUE_ON_ZERO";
SET time_zone = "+00:00";


/*!40101 SET @OLD_CHARACTER_SET_CLIENT=@@CHARACTER_SET_CLIENT */;
/*!40101 SET @OLD_CHARACTER_SET_RESULTS=@@CHARACTER_SET_RESULTS */;
/*!40101 SET @OLD_COLLATION_CONNECTION=@@COLLATION_CONNECTION */;
/*!40101 SET NAMES utf8 */;

--
-- Base de données :  ` maha`
--

-- --------------------------------------------------------

--
-- Structure de la table `adherents`
--

CREATE TABLE IF NOT EXISTS `adherents` (
  `id_adherent` int(3) NOT NULL AUTO_INCREMENT,
  `nom` varchar(50) CHARACTER SET utf8 COLLATE utf8_unicode_ci NOT NULL,
  `prenom` varchar(50) CHARACTER SET utf8 COLLATE utf8_unicode_ci NOT NULL,
  `mail` varchar(255) CHARACTER SET utf8 COLLATE utf8_unicode_ci NOT NULL,
  `tel` int(255) NOT NULL,
  `Motdepasse` varchar(255) CHARACTER SET utf8 COLLATE utf8_unicode_ci NOT NULL,
  `tariftotal` int(255) NOT NULL,
  PRIMARY KEY (`id_adherent`)
) ENGINE=InnoDB  DEFAULT CHARSET=latin1 AUTO_INCREMENT=364 ;

--
-- Contenu de la table `adherents`
--

INSERT INTO `adherents` (`id_adherent`, `nom`, `prenom`, `mail`, `tel`, `Motdepasse`, `tariftotal`) VALUES
(129, '', '', '', 0, '', 0),
(130, '', '', '', 0, '', 0),
(131, '', '', '', 0, '', 0),
(152, 'clement', 'manou', '65577e1e2ca63b72472ac023c8458eff16095bf5', 658692916, 'poilkjuhyggg', 0),
(153, 'amaiz', 'fatima', 'fatima@hotmail.fr', 645123619, 'fatimazahra', 0),
(167, 'maha', 'chaouch', 'fatima@hotmail.fr', 658692916, '66bc40290a99a0a984a19fb1cdf4fc4f92f2c9af', 0),
(178, 'marie', 'louise', 'marie@live.fr', 612364579, '4b4b4137c19df5f7b371f89332d3f3eede8dddb8', 0),
(179, 'marie', 'louise', 'marie@live.fr', 612364579, '4b4b4137c19df5f7b371f89332d3f3eede8dddb8', 0),
(181, 'nadia', 'nadou', 'nadia@live.com', 645781245, 'b4c0b7e6132b45a0d2704f0a3e8d936e002ae02d', 0),
(183, 'Mehdi', 'manou', 'nadia@live.com', 612364579, 'edfc3fc5741d24e53a170de562c1df706bf15773', 0),
(184, 'maha', 'manou', 'nadia@live.com', 658692916, 'ab7f2a6047dd56797e056c2626df7fc20dc2d699', 0),
(185, 'salma', 'heni', 'salma@hotmail.fr', 658692916, 'a6ba66be6d43c5cdee838d3eb042f0a19261b73e', 0),
(186, 'djeneba', 'manou', 'mmmm@jjjj.fr', 645781245, '9daa3a5a4b634ec580fe6ce3296df41066e1f83c', 0),
(187, 'kaouther', 'chtourou', 'koko@hotmail.fr', 645781245, 'db882254cfdbe364f124e704e6400e672863822e', 0),
(188, 'maha', 'chiha', 'ploki@hotmail.fr', 645781245, '06bd2b9427a7dbf4fff8559bf6a34396bc09ca9f', 0),
(189, 'leila', 'kanoun', 'leila@hotmail.fr', 645781245, '64c6a4c2fdbe61ff6557eff72efac50e2299c2f5', 0),
(190, 'maha', 'chaouch', 'm@gmail.com', 645781245, '7d7c7a25abd4f02531c71833d9a57415c1e4ccca', 0),
(191, 'maha', 'chaouch', 'm@l.fr', 658692916, '32dad5243ce2ce303e2cea3037091e1c91e11fe0', 0),
(192, 'maha', 'ben ahmed', 'mmmmm@k.fr', 645781245, 'd77f9e77d32ab48dc6b8e77a45128b4dc16be2e3', 0),
(193, 'maha', 'manou', 'plo@jj.fr', 645781245, 'b7740dd275b4c49b0f8fcda0306867395791ccf9', 0),
(194, 'maha', 'chaouch', 'lll@hhhh.fr', 645781245, '281ca5a538ea5bd81dd41cf9f2ad5767d01c5c4d', 0),
(195, 'maha', 'chaouch', 'olki@gmail.fr', 645781245, 'c7ac8048090272932b207c3f279eb6b099c70a38', 0),
(196, 'maha', 'manou', 'mdpl@hotmail.com', 645781245, 'cde44938809625dd3d2b006ce1ac7873ccd1f6f4', 0),
(197, 'maha', 'ben ahmed', 'mben@gmail.com', 658692916, 'f81d4f32f07b1dab12378a171c3a038c87b7d7d8', 0),
(198, 'djeneba', 'manou', 'dj@gmail.fr', 645781245, '8b8e1c7cf256484f933bddbdc2227da388c6bb4a', 0),
(199, 'maha', 'manou', 'mc@gmail.com', 658692916, '7ddc205f021dcb476a5d124ade67a1dbe3f58da3', 0),
(200, 'chaouch', 'maha', 'test@gmail.com', 215482603, '3bd51999470a0da232fb27cd32843d482a3f7190', 0),
(201, 'manel', 'bouhlel', 'manel@hotmail.fr', 645781245, 'ac6272d290b336b277f83d03cec4acc1118b5185', 0),
(202, 'maha', 'chaouch', 'mplok@hotamail.fr', 645781245, '400bf6408898aa88f3f5036526e0a29c12dde8ad', 0),
(203, 'nassim', 'vachor', 'nassim@gmail.com', 658692916, '0db4bed3cb1ef0553c968e233c39f2fba846ba4b', 0),
(204, 'Mehdi', 'Chamouma', 'chamouma@hotmail.fr', 658692916, '6017bed8131677adcf678ff6ed610866a18d9141', 0),
(205, 'nesrine', 'nino', 'nino@hotmail.fr', 658692916, '0d2f3276d1a7b52a0a5da623ba6c431a892c9d10', 0),
(206, 'djeneba', 'chaouch', 'dl@hotmail.fr', 645781245, '3d909bec56b300454c818c9721bd0c4e3481d8b4', 105),
(207, 'maha', 'Chamouma', 'maha@gmail.fr', 645781245, '7e13c003a8256cd421055563c5da6571d50713c9', 105),
(208, 'emilien', 'bouda', 'emil@hotmail.fr', 645781245, '8e91472e76dd0e80de61a4a3b0d127d0613233c7', 105),
(209, 'julien', 'lllllllllllll', 'jul@hotmail.fr', 658692916, '62fcc7e682ac56c8a17123607f4bf737dc445d98', 105),
(210, 'clement', 'jul', 'clement@gmail.fr', 658692916, '8e02027deeae267b35be4f70f4df13d13f993587', 105),
(211, 'maha', 'manou', 'kkkk@hot.fr', 645781245, '755c001f4ae3c8843e5a50dd6aa2fa23893dd3ad', 105),
(212, 'djeneba', 'manou', 'g@hotmail.fr', 645781245, '5f7a940b05192616fca9cd7a105847104141b009', 105),
(213, 'maha', 'Chamouma', 'mao@hotmail.com', 645781245, '128c484ff69fcdc1f82cd3781595cac5185e688f', 105),
(214, 'juliette', 'julietta', 'julie@hotmail.fr', 645781245, 'c6d39b69f189c587184efc5fa18fd83d1535491c', 105),
(215, 'maha', 'chaouch', 'mdfr@hotmail.com', 645781245, '3bd22132d6c19ec93ec0dee29d2fba9ab5a58bb8', 105),
(216, 'maha', 'chaouch', 'lol@gmail.fr', 645781245, '3f52ee604af8d6dff8e2bdd8fc3799d21f6c036f', 105),
(217, 'maha', 'manou', 'mmm@hotmail.fr', 645781245, '73c4cb031565a16b14c7191d39ef1ae447fdc269', 105),
(218, 'mimi', 'polo', 'polo@hotmail.fr', 658692916, 'fe42fd528a8939be1b7b7516bc0fc19f471dbe1b', 0),
(219, 'djeneba', 'manou', 'djmanou@hotmail.fr', 645781245, '8b8e1c7cf256484f933bddbdc2227da388c6bb4a', 105),
(220, 'maha', 'manou', 'mimo@hotmail.fr', 658692916, '8e91472e76dd0e80de61a4a3b0d127d0613233c7', 105),
(221, 'fraj', 'chaouch', 'fraj@hotmail.fr', 645781245, 'e1ae3f64e6b93823694059b8d5051d3ad1c05d35', 105),
(222, 'djeneba', 'ben ahmed', 'mplok@jj.fr', 658692916, '17477a6d0e8b949f88752c4cdc58e9d2491778c4', 105),
(223, 'paola', 'polo', 'paola@hotmail.fr', 645781245, '11e5f90a6b590d022a0965582a33f5fd92ad3a6e', 105),
(224, 'mppppp', 'jjjjjjj', 'mploki@hihi.fr', 645781245, '11e5f90a6b590d022a0965582a33f5fd92ad3a6e', 105),
(225, 'mppppp', 'jjjjjjj', 'mplommki@hihi.fr', 645781245, 'da39a3ee5e6b4b0d3255bfef95601890afd80709', 105),
(226, 'pierre', 'manou', 'pm@gmail.fr', 645781245, '37f89060c6eafb60efce8987d1d2009532912f35', 0),
(227, 'pierre', 'manou', 'pmm@gmail.fr', 645781245, 'fe42fd528a8939be1b7b7516bc0fc19f471dbe1b', 0),
(228, 'djeneba', 'manou', 'ddje.kane@gmail.com', 645781245, '47daed9d039f1018aebbdd59df87f05b8371107e', 0),
(229, 'djeneba', 'manou', 'dduje.kane@gmail.com', 645781245, '37f89060c6eafb60efce8987d1d2009532912f35', 0),
(230, 'djeneba', 'manou', 'dduje.kangge@gmail.com', 645781245, '1235d63c08d4b9af0e1dd5453645472a358afd51', 105),
(231, 'maha', 'chaouch', 'nadia@live.comk', 658692916, 'fe42fd528a8939be1b7b7516bc0fc19f471dbe1b', 0),
(232, 'maha', 'chaouch', 'nakdia@live.comk', 658692916, '8b8e1c7cf256484f933bddbdc2227da388c6bb4a', 0),
(233, 'maha', 'chaouch', 'nakdllia@live.comk', 658692916, '400bf6408898aa88f3f5036526e0a29c12dde8ad', 0),
(234, 'maha', 'chaouch', 'nakdkkllia@live.comk', 658692916, '47daed9d039f1018aebbdd59df87f05b8371107e', 0),
(235, 'maha', 'chaouch', 'nakdkkmmmllia@live.comk', 658692916, '6ba4303b6a0f1677ba166190f1be5ba71db51733', 1),
(236, 'maha', 'chaouch', 'nakdkkmmmmmllia@live.comk', 658692916, 'c35bff2caa5822fdd7267ad922be9537bad80648', 1),
(237, 'maha', 'chaouch', 'nakdkkmmmkmmllia@live.comk', 658692916, '400bf6408898aa88f3f5036526e0a29c12dde8ad', 0),
(238, 'maha', 'chaouch', 'nakdkkmmmkmmmllia@live.comk', 658692916, '47daed9d039f1018aebbdd59df87f05b8371107e', 1),
(239, 'maha', 'chaouch', 'nakdkkmmmkmmmmmllia@live.comk', 658692916, '06f90c7858a51cc4d4f89721b4fd4b4d116e8746', 0),
(240, 'samy', 'chtiwi', 'samy@hotmail.com', 645781245, 'f81d4f32f07b1dab12378a171c3a038c87b7d7d8', 0),
(241, 'yasmine', 'rawi', 'yass@hotmail.fr', 645781245, '541abf69024edfaea4a7f18e52053bcc8fa43505', 0),
(242, 'yasmine', 'rawi', 'yasss@hotmail.fr', 645781245, 'f81d4f32f07b1dab12378a171c3a038c87b7d7d8', 0),
(243, 'yasmine', 'rawi', 'yassiis@hotmail.fr', 645781245, 'aff9b3dbc0d0b91e9376d47afa6510dcb0c64122', 0),
(244, 'yasmine', 'rawi', 'yasisiis@hotmail.fr', 645781245, '17477a6d0e8b949f88752c4cdc58e9d2491778c4', 0),
(245, 'wassim', 'chaouch', 'wchaouch@hotmail.com', 645781245, '3d909bec56b300454c818c9721bd0c4e3481d8b4', 0),
(246, 'wassim', 'chaouch', 'wchbbbaouch@hotmail.com', 645781245, '400bf6408898aa88f3f5036526e0a29c12dde8ad', 0),
(247, 'wassim', 'chaouch', 'wchbbbaommmuch@hotmail.com', 645781245, '47daed9d039f1018aebbdd59df87f05b8371107e', 0),
(248, 'wassim', 'chaouch', 'wchbbbaommmmmmuch@hotmail.com', 645781245, '7416023fdf67dcc58cf83618379815ab38d810db', 0),
(249, 'wassim', 'chaouch', 'wchbbbaommmmllmmuch@hotmail.com', 645781245, '400bf6408898aa88f3f5036526e0a29c12dde8ad', 0),
(250, 'wassim', 'chaouch', 'wchbbbaommmmllmmupppch@hotmail.com', 645781245, 'c474949556c972755980166e7832efdf3007e706', 0),
(251, 'wassim', 'chaouch', 'lol@hotmail.com', 645781245, 'a6ba66be6d43c5cdee838d3eb042f0a19261b73e', 0),
(252, 'maha', 'manou', 'nadia@live.comjjj', 645781245, 'b4c0f5a499009adeba7338326db7e94fc73e649d', 0),
(253, 'maha', 'manou', 'nadia@live.clllomjjj', 645781245, 'f81d4f32f07b1dab12378a171c3a038c87b7d7d8', 0),
(254, 'papa', 'chaouch', 'papa@hotmail.fr', 645781245, '6815ebaa41c3cdf926b164739ed0b2aa52f482a3', 0),
(255, 'mouna', 'chebi', 'mouna@hotmail.fr', 645781245, '879df983b091dfae0cdde012d8023c8a321533b8', 0),
(256, 'mouna', 'chebi', 'mounach@hotmail.fr', 645781245, '84d3a58facc7b692fdd8b71043b465a48c1a56d6', 0),
(257, 'mouna', 'chebi', 'mounacha@hotmail.fr', 645781245, '52cc9784ddbfe002ad3598c742206b1cf587504b', 0),
(258, 'mouna', 'chebi', 'mounachab@hotmail.fr', 645781245, 'f9ccea35a96dbe8cd00745c68d45c762c6e58b86', 0),
(259, 'mouna', 'chebi', 'mounachabi@hotmail.fr', 645781245, 'd2a4d1a7e5308eb33481c6595d7b03f376320b73', 0),
(260, 'mouna', 'chebi', 'mounachabiii@hotmail.fr', 645781245, '0ba77d65c8c8f52770278250251130cb643e54c2', 0),
(261, 'mouna', 'chebi', 'mounachabiiilllii@hotmail.fr', 645781245, 'da39a3ee5e6b4b0d3255bfef95601890afd80709', 0),
(262, 'mouna', 'chebi', 'mounachkkabiiilllii@hotmail.fr', 645781245, '0947780d529c4b21bc0255c2aa9141d29f1fb02b', 0),
(263, 'mouna', 'chebi', 'mounachlllkkabiiilllii@hotmail.fr', 645781245, 'a409881daadab2177579fa56ea9ff51896571b3a', 0),
(264, 'mouna', 'chebi', 'mounachlllkkallllbiiilllii@hotmail.fr', 645781245, '5f7a940b05192616fca9cd7a105847104141b009', 0),
(265, 'emna', 'slama', 'emna@hotmail.fr', 645781245, '89693440ae6c9642bff5e64bfcb34cd7ba1d4bc0', 0),
(266, 'habiba', 'chiha', 'habiba@hotmail.fr', 658692916, '8b8e1c7cf256484f933bddbdc2227da388c6bb4a', 0),
(267, 'habiba', 'chiha', 'habiba2@hotmail.fr', 658692916, '9e4af915a17c06ef868e1d5f3094684ad2f89a55', 0),
(268, 'afef', 'foufa', 'foufa@hotmail.com', 645781245, 'd3cc0e7331ae63441ab91bb71f02c92a8baddf8a', 55),
(269, 'hela', 'haloul', 'haloul@hotmail.fr', 658692916, '879df983b091dfae0cdde012d8023c8a321533b8', 35),
(270, 'hela', 'haloul', 'halou2l@hotmail.fr', 658692916, '5af9c3959a9bd7b25614beea8954059e8eb478a1', 55),
(271, 'hela', 'haloul', 'halou12l@hotmail.fr', 658692916, 'bda4e54569a40487c4bba388633b7a75ce7263d3', 75),
(272, 'hela22', 'haloul', 'halou121l@hotmail.fr', 658692916, '434d7ab5a05a393903f83485ca91dc7fa0f8f2b0', 75),
(273, 'Joe', 'dhib', 'joe@hotmail.fr', 612350518, '40952ccfdc9eebdf1af407b797806a789bf31e8e', 80),
(274, 'Joe', 'dhib', 'joe2@hotmail.fr', 612350518, '4f319c5cf8735e668300d0f052b4f5ba9b3fe64a', 80),
(275, 'maha', 'chaouch', 'mahou@yahoo.fr', 658692916, '7e87fdb5d67b572eb2621056287aa1f9d3d9aea8', 35),
(276, 'maha', 'chaouch', 'mahouta@yahoo.fr', 658692916, 'e456369f8ad110a9311353ecf1896a75e00b0c2c', 35),
(277, 'malek', 'malouk', 'malek@hotmail.com', 132222222, 'a1732f8dbc300ec0d68500354e91b8bc2ee3cc07', 0),
(278, 'malek', 'malouk', 'malek2@hotmail.com', 132222222, 'beb8ae928f5b879767fa3036a0137c2a6234bf50', 0),
(279, 'malek', 'malouk', 'malek21@hotmail.com', 132222222, '16f604fc68a53995f8587f74bfbf030c823a08bb', 0),
(280, 'malek252', 'malouk123', 'malek221@hotmail.com', 132222222, 'bdac4acdcc68618cd5ade7b37500d1f506757aae', 0),
(281, 'nouha', 'malouk123', 'malek22nou@hotmail.com', 132222222, 'a8abfd6019dcb6c5750b911e739748ae8ac2d1f0', 0),
(282, 'nouha_ch', 'malouk123', 'malek221nou@hotmail.com', 132222222, '8ccfb8d7e20ea9bb7aa76c9f39f1cc2b9612f716', 0),
(283, 'nouha_ch', 'malouk123', 'malek221nounou@hotmail.com', 612364579, '3e4e67c59638d7600dc2b588f5785c3ba7753f23', 0),
(284, 'meriem', 'chaouch', 'mimou@hotmail.fr', 612364579, 'f5ad0a5fc36e10882168bc7f2ddb8ed5fae85adc', 0),
(285, 'kaouther', 'chtourou', 'koko2@hotmail.com', 405125678, '7b7f851e68913bf62f00a38bc56ca94617e0004a', 0),
(286, 'louis', 'franc', 'louis@hotmail.fr', 748152603, '97f8d1741137e7cd5e698cb0ba6d0964cdc2efa0', 0),
(287, 'sarah', 'simpson', 'sarah@hotmail.fr', 748152603, 'a7d089b9ea0c6808151c5ecb41ec757ad4ef639f', 60),
(288, 'sarah', 'simpson', 'sarah25@hotmail.fr', 748152603, '165bca43bda18266bac3557911ac52266391699f', 40),
(289, 'lisa', 'simpson', 'sarah225@hotmail.fr', 748152603, 'b68b79db8c2bda90f1f83e3956e63aa402c632db', 40),
(290, 'lisa', 'simpson', 'lisa@hotmail.fr', 748152603, '109b5c7246f087aa4b5c89902eb386bc6b0d0258', 60),
(291, 'khadija', 'ben_ali', 'kadi@gmail.fr', 658692916, '1dbb7365471f176a2d53531f8da3c4554de1998c', 0),
(292, 'ali', 'benjemaa', 'ali@hotmail.fr', 748592626, '673cb0cb3cc4a5262c12e5a334dddeb3b7eaeae5', 0),
(293, 'ali', 'benjemaa', 'aliBen@hotmail.fr', 748592626, '614546bbbeb54ada4d9f36bf632df3acd007b89b', 0),
(294, 'ahmed', 'benjemaa', 'ahmedBen@hotmail.fr', 748592626, '581206d094cf55ccf63ebad715abacc807be89b0', 70),
(295, 'ahmed selim', 'kadi', 'ahmed@hotmail.fr', 748594859, 'eec296a9c4d66bd279b4a22f028db57ecd94d484', 55),
(296, 'molka', 'rebai', 'malouka@live.fr', 645781245, '363e49733b54dbaf8888363492753c0becbd8d8b', 60),
(297, 'mohamedAmine', 'kasous', 'medAmine@gmail.fr', 645781245, 'ac3e430831e017209342cb39f110c3ee0bbf21ed', 35),
(298, 'maha', 'chebi', 'maha29@gmail.fr', 717871986, 'af8a0b647b3b431a49583c56592a2437d6a2b7bf', 40),
(299, 'mohamed', 'chebi', 'mohamedchebi@gmail.com', 748152603, 'a08edd22cf0e446f29ad195ddb903dc0292396e6', 20),
(300, 'maha', 'ali', 'maha-chaouch29@hotmail.fr', 748152603, '95d71fc6eb648485615a909fac3f247678b1f185', 0),
(301, 'maha', 'ali', 'maha-chaouch292@hotmail.fr', 748152603, '0fde91a59c5a1da223038a0609933f8d0a7ed05d', 0),
(302, 'manel', 'manou', 'manelmanou@hotmail.fr', 658692916, '59739aa6cab8c76cbaa5f0d06c5fe7585e5284dc', 0),
(303, 'hela', 'manou', 'halloul@hotmail.fr', 658692925, '11e3e073d82b5236e1bdbcfcfdafa9ff5c5cb08a', 0),
(304, 'farah', 'manou', 'farah@hotmail.fr', 658692925, 'f64006b0f295e3f42d64de859befe89d8a6c6e24', 0),
(305, 'farah', 'manou', 'farah22@hotmail.fr', 658692925, '8df56595f604325418ef61191b3ffac356f4492a', 0),
(306, 'bart', 'simpson', 'simpson@gmail.com', 658692916, 'd5839b98a2635b1202618b40ffac8f3faacd6d96', 0),
(307, 'maha', 'chebi', 'nadiachou@live.com', 645781245, '7b9be7b1706c9567c5ce19436049d5eef7bd0410', 0),
(308, 'wassim', 'chaouch', 'wc@hotmail.com', 645781245, 'bf71989cb0ae4b291965211aaae1596bcbf2e88a', 0),
(309, 'wassim', 'chaouch', 'wccc@hotmail.com', 645781245, 'fa03f40113bf1404d1bd2676bbf21d58847efa13', 0),
(310, 'maha', 'chebi', 'amine21@hotmail.fr', 658692916, '7b515fc45eda3aeb4088e5ba317ed4b9c6996004', 20),
(311, 'alya', 'chebi', 'amino@hotmail.fr', 658694512, 'fb1c25f339d011d59c7b45ca4eaddd05a5de1810', 20),
(312, 'amina', 'chebi', 'amina@hotmail.fr', 658694502, 'bf855053bb49c9e8d89ca45b7a73955dcfd69197', 20),
(313, 'maha', 'ali', 'maha29ali@gmail.fr', 645781245, '397bf8f9391ed6efaf16636c786dbeda7804a7a9', 40),
(314, 'manuelle', 'vedas', 'manu@gmail.com', 658692916, '70b90b85b9ed58940f34338b0816c877153e67e6', 35),
(315, 'marge', 'simpson', 'marge@hotmail.com', 658692916, '619eec95e6de563e16368db5934ee83c42e0287d', 55),
(316, 'mouna', 'halwanji', 'mounahalwanji@hotmail.com', 658692916, '522a48f79cb3e6554d60a5d4d61ac1f0d3f68e67', 0),
(317, 'mouna', 'halwanji', 'mounahalwa22nji@hotmail.com', 658692916, 'd797e1e5d21b611b7b4b8c3045ae6b734af996ca', 0),
(318, 'chaouch', 'maha', 'maha-chaouch222@hotmail.fr', 625143625, '06f90c7858a51cc4d4f89721b4fd4b4d116e8746', 20),
(319, 'fati', 'zahra', 'hamouinter@hotmail.fr', 215482603, '62fcc7e682ac56c8a17123607f4bf737dc445d98', 0),
(320, 'fati', 'zahra', 'hamouinter12121@hotmail.fr', 215482603, '02a3c83f597d696e313d2da97aa1e873737cd7d9', 0),
(321, 'fati', 'zahra', 'hamouinter1215521@hotmail.fr', 215482603, '5e83e8c20995e8df1bfcf55b250861bfa72bac54', 35),
(322, 'marie', 'laure', 'marie258@hotmail.fr', 215482603, 'd35faf4f5506f6bdb1dcbab4d3f75447f89bc446', 0),
(323, 'chaouch', 'maha', 'maha-chaouch258888@hotmail.fr', 215482603, '39cb5086986a48acc9917436d6ac6fed4902240c', 0),
(324, 'chaouch', 'maha', 'maha-chaouch25888548@hotmail.fr', 215482603, '8c13957b32c802a63ee15f4413b5e9eba66ada46', 0),
(325, 'chaouch', 'mimou', 'maha-cha@hotmail.fr', 215482603, 'e7e200ba8ee11452d64f7c4363251f91ee8ab275', 0),
(326, 'chaouch', 'mimou', 'maha-cha2222@hotmail.fr', 215482603, 'a6ba66be6d43c5cdee838d3eb042f0a19261b73e', 0),
(327, 'chaouch', 'mimou', 'maha-cha22422@hotmail.fr', 215482603, '37f89060c6eafb60efce8987d1d2009532912f35', 0),
(328, 'dorain', 'jean', 'kkkk@hotmail.fr', 215482603, 'd7993c609c26f69d795a0953673542300f082570', 0),
(329, 'dorain', 'jean', 'kkk22k@hotmail.fr', 215482603, '7416023fdf67dcc58cf83618379815ab38d810db', 0),
(330, 'dorain', 'jean', 'kkk2112k@hotmail.fr', 215482603, 'd9d1548035be0a9eb7236ebf7510ae21da943a25', 0),
(331, 'dorain', 'jean', 'kkk2112koiok@hotmail.fr', 215482603, 'faf123803ead16302c0d29d13af05e6b728dfaf3', 0),
(332, 'dorain', 'jean', 'loulou@hotmail.fr', 215482603, 'a6ba66be6d43c5cdee838d3eb042f0a19261b73e', 100),
(333, 'chaouch', 'maha', 'maha-chaouch2154@hotmail.fr', 215482603, '3d909bec56b300454c818c9721bd0c4e3481d8b4', 55),
(334, 'benjamin', 'ben', 'benjaminj@hotmail.com', 645781245, '88c0196155e00e52083bf730c6c4b9af1decf6e6', 35),
(335, 'dorain', 'vasor', 'dorian@gmail.com', 215482603, '11e5f90a6b590d022a0965582a33f5fd92ad3a6e', 55),
(336, 'dorain', 'vasor', 'dori2an@gmail.com', 215482603, '35c08dbf8a53a9aa730ebf293b28c037f53ce8f5', 55),
(337, 'dorain', 'vasor', 'dori2a5n@gmail.com', 215482603, 'bcb58c91e18656345fafda2f2914264135091014', 40),
(338, 'benjamin', 'ben', 'benjam2inj@hotmail.com', 645781245, 'bcb58c91e18656345fafda2f2914264135091014', 35),
(339, 'benjamin', 'ben', 'benjam32inj@hotmail.com', 645781245, 'd797e1e5d21b611b7b4b8c3045ae6b734af996ca', 35),
(340, 'benjamin', 'ben', 'benjam32222inj@hotmail.com', 645781245, '400bf6408898aa88f3f5036526e0a29c12dde8ad', 55),
(341, 'benjamin', 'ben', 'benjam32222222inj@hotmail.com', 645781245, 'd2f03e817bba60208f00ecee8ff54266555fe2de', 0),
(342, 'benjamin', 'ben', 'benjam11132222222inj@hotmail.com', 645781245, 'af8a0b647b3b431a49583c56592a2437d6a2b7bf', 0),
(343, 'djeneba', 'chebi', 'djchebi@hhotamil.com', 658692916, '7b515fc45eda3aeb4088e5ba317ed4b9c6996004', 0),
(344, 'djeneba', 'chebi', 'djcheb258i@hhotamil.com', 658692916, '06f90c7858a51cc4d4f89721b4fd4b4d116e8746', 55),
(345, 'aaaaaaaaaaaaaa', 'aaaaaaaaaaaaaa', 'aaaaa222a11aaa@h.fr', 645781245, '7a2b9b812a7b748721dc53f5851847b766137a84', 35),
(346, 'aaaaaaaaaaaaaa', 'aaaaaaaaaaaaaa', 'aaaaa44222a11aaa@h.fr', 645781245, '84322e40996931d1b84fe09cac86e28033600f18', 50),
(347, 'aaaaaaaaaaaaaa', 'aaaaaaaaaaaaaa', 'aaaaa44bb222a11aaa@h.fr', 645781245, '84322e40996931d1b84fe09cac86e28033600f18', 50),
(348, 'aaaaaaaaaaaaaa', 'aaaaaaaaaaaaaa', 'aaaaa44ccbb222a11aaa@h.fr', 645781245, 'aab05a15520e9066cfd1872d367c56cd4e453488', 50),
(349, 'aaaaaaaaaaaaaa', 'aaaaaaaaaaaaaa', 'aafcbb222a11aaa@h.fr', 645781245, 'da39a3ee5e6b4b0d3255bfef95601890afd80709', 50),
(350, 'aaaaaaaaaaaaaa', 'aaaaaaaaaaaaaa', 'aafcbb222a11a222aa@h.fr', 645781245, '4f319c5cf8735e668300d0f052b4f5ba9b3fe64a', 50),
(351, 'superBen', 'mmmm', 'ben@gmail.com', 132222222, '39cb5086986a48acc9917436d6ac6fed4902240c', 40),
(352, 'benjamin', 'ben', 'benjam11hnj@hotmail.com', 645781245, 'e57a14bb5a3ccdc260d173d989d187d86d4aabfa', 70),
(353, 'benjamin', 'ben', 'benjam151hnj@hotmail.com', 645781245, 'd3cc0e7331ae63441ab91bb71f02c92a8baddf8a', 55),
(354, 'mohamed', 'amine', 'med@hotmail.fr', 132222222, 'f9ccea35a96dbe8cd00745c68d45c762c6e58b86', 55),
(355, 'mohamed', 'amine', 'med12@hotmail.fr', 132222222, '584c498c9c40fa0b3e49b85458e9eed6b6af26ee', 115),
(356, 'mohamed', 'amine', 'med123@hotmail.fr', 132222222, '859cc4fb0b6e08d5cab262bb64d9fd7d33b0a473', 115),
(357, 'maha', 'chebi', 'dje.kanekkk@gmail.com', 645781245, '0ba77d65c8c8f52770278250251130cb643e54c2', 60),
(358, 'mouna', 'ben', 'amineben@hotmail.fr', 132222222, 'cecec3ec436bf58a4ecce3e179835e25ff691f3e', 75),
(359, 'maha', 'ben', 'mbenha@hotmail.com', 132222222, '291dc5dd2dec417492a0111d8043ae7230182b56', 80),
(360, 'maha', 'ben', 'mbenha255@hotmail.com', 132222222, 'f9ccea35a96dbe8cd00745c68d45c762c6e58b86', 80),
(361, 'maha', 'ben', 'mbenha2n55@hotmail.com', 132222222, 'afd7ca8f9aae7e1f909b2fafaca65def1e7c6311', 80),
(362, 'djeneba', 'manou', 'dje.kanelll2@gmail.com', 658692916, '11e3e073d82b5236e1bdbcfcfdafa9ff5c5cb08a', 35),
(363, 'mohamed', 'chebi', 'nadia222@live.com', 645781245, 'e31b1ce07e89db1b2ba8e5b5653c3051bf5d841d', 35);

-- --------------------------------------------------------

--
-- Structure de la table `apprendre`
--

CREATE TABLE IF NOT EXISTS `apprendre` (
  `id_adherent` int(3) NOT NULL,
  `ref_instrument` int(2) NOT NULL,
  UNIQUE KEY `id_adherent_2` (`id_adherent`,`ref_instrument`),
  KEY `ref_instrument` (`ref_instrument`)
) ENGINE=InnoDB DEFAULT CHARSET=utf8 COLLATE=utf8_unicode_ci;

--
-- Contenu de la table `apprendre`
--

INSERT INTO `apprendre` (`id_adherent`, `ref_instrument`) VALUES
(265, 1),
(271, 1),
(272, 1),
(273, 1),
(274, 1),
(298, 1),
(351, 1),
(355, 1),
(356, 1),
(265, 2),
(275, 2),
(276, 2),
(287, 2),
(288, 2),
(289, 2),
(295, 2),
(355, 2),
(356, 2),
(358, 2),
(273, 3),
(274, 3),
(287, 3),
(296, 3),
(313, 3),
(315, 3),
(332, 3),
(353, 3),
(354, 3),
(355, 3),
(356, 3),
(358, 3),
(359, 3),
(360, 3),
(361, 3),
(273, 4),
(274, 4),
(290, 4),
(332, 4),
(355, 4),
(356, 4),
(357, 4),
(359, 4),
(360, 4),
(361, 4),
(294, 5),
(295, 5),
(297, 5),
(314, 5),
(321, 5),
(346, 5),
(347, 5),
(348, 5),
(349, 5),
(350, 5),
(352, 5),
(353, 5),
(355, 5),
(356, 5);

--
-- Déclencheurs `apprendre`
--
DROP TRIGGER IF EXISTS `after_insert_inscription2`;
DELIMITER //
CREATE TRIGGER `after_insert_inscription2` AFTER INSERT ON `apprendre`
 FOR EACH ROW UPDATE instrument SET Nb_adherents = Nb_adherents + 1 WHERE ref_instrument = NEW.ref_instrument
//
DELIMITER ;

-- --------------------------------------------------------

--
-- Structure de la table `categorie_cours`
--

CREATE TABLE IF NOT EXISTS `categorie_cours` (
  `lib_categorie` int(10) NOT NULL AUTO_INCREMENT,
  PRIMARY KEY (`lib_categorie`)
) ENGINE=InnoDB DEFAULT CHARSET=latin1 AUTO_INCREMENT=1 ;

-- --------------------------------------------------------

--
-- Structure de la table `cours`
--

CREATE TABLE IF NOT EXISTS `cours` (
  `id_cours` int(2) NOT NULL AUTO_INCREMENT,
  `nom_cours` varchar(50) CHARACTER SET utf8 COLLATE utf8_unicode_ci NOT NULL,
  `tarifMensuel` int(100) NOT NULL,
  `Nb_adherents` int(15) NOT NULL,
  PRIMARY KEY (`id_cours`)
) ENGINE=InnoDB  DEFAULT CHARSET=utf8 COLLATE=utf8_bin AUTO_INCREMENT=4 ;

--
-- Contenu de la table `cours`
--

INSERT INTO `cours` (`id_cours`, `nom_cours`, `tarifMensuel`, `Nb_adherents`) VALUES
(1, 'chant et solfege', 20, 19),
(2, 'théorie fondamentale', 15, 27),
(3, 'préparation aux concours', 20, 20);

-- --------------------------------------------------------

--
-- Structure de la table `inscription`
--

CREATE TABLE IF NOT EXISTS `inscription` (
  `id_adherent` int(3) NOT NULL,
  `id_cours` int(2) NOT NULL,
  PRIMARY KEY (`id_adherent`,`id_cours`),
  KEY `inscription_ibfk_2` (`id_cours`)
) ENGINE=InnoDB DEFAULT CHARSET=latin1;

--
-- Contenu de la table `inscription`
--

INSERT INTO `inscription` (`id_adherent`, `id_cours`) VALUES
(131, 1),
(263, 1),
(264, 1),
(265, 1),
(266, 1),
(267, 1),
(268, 1),
(269, 1),
(270, 1),
(271, 1),
(272, 1),
(287, 1),
(288, 1),
(289, 1),
(294, 1),
(295, 1),
(296, 1),
(297, 1),
(298, 1),
(310, 1),
(313, 1),
(314, 1),
(315, 1),
(318, 1),
(321, 1),
(332, 1),
(333, 1),
(335, 1),
(336, 1),
(337, 1),
(340, 1),
(344, 1),
(352, 1),
(354, 1),
(357, 1),
(358, 1),
(359, 1),
(360, 1),
(361, 1),
(362, 1),
(129, 2),
(130, 2),
(131, 2),
(263, 2),
(264, 2),
(265, 2),
(268, 2),
(269, 2),
(270, 2),
(271, 2),
(272, 2),
(273, 2),
(274, 2),
(275, 2),
(276, 2),
(290, 2),
(294, 2),
(315, 2),
(332, 2),
(333, 2),
(334, 2),
(335, 2),
(336, 2),
(338, 2),
(339, 2),
(340, 2),
(344, 2),
(345, 2),
(346, 2),
(347, 2),
(348, 2),
(349, 2),
(350, 2),
(352, 2),
(354, 2),
(355, 2),
(356, 2),
(357, 2),
(358, 2),
(359, 2),
(360, 2),
(361, 2),
(362, 2),
(363, 2),
(130, 3),
(131, 3),
(264, 3),
(266, 3),
(267, 3),
(268, 3),
(270, 3),
(271, 3),
(272, 3),
(290, 3),
(294, 3),
(296, 3),
(299, 3),
(311, 3),
(312, 3),
(332, 3),
(333, 3),
(334, 3),
(335, 3),
(336, 3),
(337, 3),
(338, 3),
(339, 3),
(340, 3),
(344, 3),
(345, 3),
(346, 3),
(347, 3),
(348, 3),
(349, 3),
(350, 3),
(351, 3),
(352, 3),
(353, 3),
(363, 3);

--
-- Déclencheurs `inscription`
--
DROP TRIGGER IF EXISTS `after_insert_inscription`;
DELIMITER //
CREATE TRIGGER `after_insert_inscription` AFTER INSERT ON `inscription`
 FOR EACH ROW BEGIN   
    UPDATE cours SET Nb_adherents =  Nb_adherents + 1 WHERE id_cours =NEW.id_cours;
    END
//
DELIMITER ;

-- --------------------------------------------------------

--
-- Structure de la table `instrument`
--

CREATE TABLE IF NOT EXISTS `instrument` (
  `ref_instrument` int(2) NOT NULL AUTO_INCREMENT,
  `nom_instrument` varchar(30) CHARACTER SET utf8 COLLATE utf8_unicode_ci NOT NULL,
  `tarif` int(11) NOT NULL,
  `Nb_adherents` int(150) NOT NULL,
  PRIMARY KEY (`ref_instrument`)
) ENGINE=InnoDB  DEFAULT CHARSET=latin1 AUTO_INCREMENT=6 ;

--
-- Contenu de la table `instrument`
--

INSERT INTO `instrument` (`ref_instrument`, `nom_instrument`, `tarif`, `Nb_adherents`) VALUES
(1, 'Violon', 20, 3),
(2, 'Violoncelle', 20, 3),
(3, 'Contrebasse', 20, 9),
(4, 'Piano', 25, 7),
(5, 'Guitare', 15, 10);

--
-- Contraintes pour les tables exportées
--

--
-- Contraintes pour la table `apprendre`
--
ALTER TABLE `apprendre`
  ADD CONSTRAINT `apprendre_ibfk_2` FOREIGN KEY (`ref_instrument`) REFERENCES `instrument` (`ref_instrument`),
  ADD CONSTRAINT `apprendre_ibfk_3` FOREIGN KEY (`id_adherent`) REFERENCES `adherents` (`id_adherent`);

--
-- Contraintes pour la table `inscription`
--
ALTER TABLE `inscription`
  ADD CONSTRAINT `inscription_ibfk_1` FOREIGN KEY (`id_adherent`) REFERENCES `adherents` (`id_adherent`),
  ADD CONSTRAINT `inscription_ibfk_2` FOREIGN KEY (`id_cours`) REFERENCES `cours` (`id_cours`);

/*!40101 SET CHARACTER_SET_CLIENT=@OLD_CHARACTER_SET_CLIENT */;
/*!40101 SET CHARACTER_SET_RESULTS=@OLD_CHARACTER_SET_RESULTS */;
/*!40101 SET COLLATION_CONNECTION=@OLD_COLLATION_CONNECTION */;
